segment_id,label_idx,local_video_id,reason
AggyS1coOb8,0,0,EXCEPTION_DURATION_MATCH
AggyS1coOb8,2,2,EXCEPTION_DURATION_MATCH
JGEEA_JVriE,0,0,EXCEPTION_DURATION_MATCH
aa0J1AXSseY,0,0,EXCEPTION_DURATION_MATCH
aa0J1AXSseY,1,1,EXCEPTION_DURATION_MATCH
aa0J1AXSseY,2,2,EXCEPTION_DURATION_MATCH
aa0J1AXSseY,3,3,EXCEPTION_DURATION_MATCH
dQ56b0bqmc8,1,1,EXCEPTION_DURATION_MATCH
dQ56b0bqmc8,2,3,EXCEPTION_DURATION_MATCH
dQ56b0bqmc8,3,5,EXCEPTION_DURATION_MATCH
skRqBxLLJkE,1,1,EXCEPTION_DURATION_MATCH
zsRTbbKlsEg,1,6,EXCEPTION_DURATION_MATCH
