segment_id,reason,manifest_count,raw_count,label_idx,local_video_id,duration_difference_sec
-9YyBTjo1zo,MISSING_RAW_SOURCE,5,0,0.0,,
-9YyBTjo1zo,MISSING_RAW_SOURCE,5,0,1.0,,
-9YyBTjo1zo,MISSING_RAW_SOURCE,5,0,2.0,,
-9YyBTjo1zo,MISSING_RAW_SOURCE,5,0,3.0,,
-9YyBTjo1zo,MISSING_RAW_SOURCE,5,0,4.0,,
-Alixo7euuU,MISSING_RAW_SOURCE,14,0,0.0,,
-Alixo7euuU,MISSING_RAW_SOURCE,14,0,1.0,,
-Alixo7euuU,MISSING_RAW_SOURCE,14,0,6.0,,
-Alixo7euuU,MISSING_RAW_SOURCE,14,0,13.0,,
-Alixo7euuU,MISSING_RAW_SOURCE,14,0,2.0,,
-Alixo7euuU,MISSING_RAW_SOURCE,14,0,3.0,,
-Alixo7euuU,MISSING_RAW_SOURCE,14,0,4.0,,
-Alixo7euuU,MISSING_RAW_SOURCE,14,0,5.0,,
-Alixo7euuU,MISSING_RAW_SOURCE,14,0,7.0,,
-Alixo7euuU,MISSING_RAW_SOURCE,14,0,8.0,,
-Alixo7euuU,MISSING_RAW_SOURCE,14,0,9.0,,
-Alixo7euuU,MISSING_RAW_SOURCE,14,0,10.0,,
-Alixo7euuU,MISSING_RAW_SOURCE,14,0,11.0,,
-Alixo7euuU,MISSING_RAW_SOURCE,14,0,12.0,,
-Eqdz5y4pEY,MISSING_RAW_SOURCE,1,0,0.0,,
-HvKLjmsO5U,MISSING_RAW_SOURCE,2,0,0.0,,
-HvKLjmsO5U,MISSING_RAW_SOURCE,2,0,1.0,,
-IUUR2yyNbw,MISSING_RAW_SOURCE,5,0,0.0,,
-IUUR2yyNbw,MISSING_RAW_SOURCE,5,0,3.0,,
-IUUR2yyNbw,MISSING_RAW_SOURCE,5,0,4.0,,
-IUUR2yyNbw,MISSING_RAW_SOURCE,5,0,1.0,,
-IUUR2yyNbw,MISSING_RAW_SOURCE,5,0,2.0,,
-IqSFQePnpU,MISSING_RAW_SOURCE,1,0,0.0,,
-KCahx2qBOI,MISSING_RAW_SOURCE,3,0,1.0,,
-KCahx2qBOI,MISSING_RAW_SOURCE,3,0,2.0,,
-KCahx2qBOI,MISSING_RAW_SOURCE,3,0,0.0,,
-LnuDPiuuZw,MISSING_RAW_SOURCE,4,0,0.0,,
-LnuDPiuuZw,MISSING_RAW_SOURCE,4,0,1.0,,
-LnuDPiuuZw,MISSING_RAW_SOURCE,4,0,2.0,,
-LnuDPiuuZw,MISSING_RAW_SOURCE,4,0,3.0,,
-RpZEe4w4fY,MISSING_RAW_SOURCE,12,0,0.0,,
-RpZEe4w4fY,MISSING_RAW_SOURCE,12,0,1.0,,
-RpZEe4w4fY,MISSING_RAW_SOURCE,12,0,4.0,,
-RpZEe4w4fY,MISSING_RAW_SOURCE,12,0,5.0,,
-RpZEe4w4fY,MISSING_RAW_SOURCE,12,0,6.0,,
-RpZEe4w4fY,MISSING_RAW_SOURCE,12,0,7.0,,
-RpZEe4w4fY,MISSING_RAW_SOURCE,12,0,8.0,,
-RpZEe4w4fY,MISSING_RAW_SOURCE,12,0,9.0,,
-RpZEe4w4fY,MISSING_RAW_SOURCE,12,0,10.0,,
-RpZEe4w4fY,MISSING_RAW_SOURCE,12,0,11.0,,
-RpZEe4w4fY,MISSING_RAW_SOURCE,12,0,2.0,,
-RpZEe4w4fY,MISSING_RAW_SOURCE,12,0,3.0,,
-SYSVSQnTnA,MISSING_RAW_SOURCE,3,0,0.0,,
-SYSVSQnTnA,MISSING_RAW_SOURCE,3,0,1.0,,
-SYSVSQnTnA,MISSING_RAW_SOURCE,3,0,2.0,,
-VmheDA92mM,MISSING_RAW_SOURCE,5,0,0.0,,
-VmheDA92mM,MISSING_RAW_SOURCE,5,0,1.0,,
-VmheDA92mM,MISSING_RAW_SOURCE,5,0,2.0,,
-VmheDA92mM,MISSING_RAW_SOURCE,5,0,3.0,,
-VmheDA92mM,MISSING_RAW_SOURCE,5,0,4.0,,
-bl5PfNIYrk,MISSING_RAW_SOURCE,7,0,0.0,,
-bl5PfNIYrk,MISSING_RAW_SOURCE,7,0,3.0,,
-bl5PfNIYrk,MISSING_RAW_SOURCE,7,0,4.0,,
-bl5PfNIYrk,MISSING_RAW_SOURCE,7,0,5.0,,
-bl5PfNIYrk,MISSING_RAW_SOURCE,7,0,6.0,,
-bl5PfNIYrk,MISSING_RAW_SOURCE,7,0,1.0,,
-bl5PfNIYrk,MISSING_RAW_SOURCE,7,0,2.0,,
-cmk6cfUeMs,MISSING_RAW_SOURCE,2,0,0.0,,
-cmk6cfUeMs,MISSING_RAW_SOURCE,2,0,1.0,,
-dZ1TCboxcQ,MISSING_RAW_SOURCE,4,0,0.0,,
-dZ1TCboxcQ,MISSING_RAW_SOURCE,4,0,1.0,,
-dZ1TCboxcQ,MISSING_RAW_SOURCE,4,0,2.0,,
-dZ1TCboxcQ,MISSING_RAW_SOURCE,4,0,3.0,,
-hPfPhUIzfA,MISSING_RAW_SOURCE,4,0,0.0,,
-hPfPhUIzfA,MISSING_RAW_SOURCE,4,0,1.0,,
-hPfPhUIzfA,MISSING_RAW_SOURCE,4,0,2.0,,
-hPfPhUIzfA,MISSING_RAW_SOURCE,4,0,3.0,,
-l_53IwQoj0,MISSING_RAW_SOURCE,1,0,0.0,,
-m9KtvCk_L8,MISSING_RAW_SOURCE,3,0,1.0,,
-m9KtvCk_L8,MISSING_RAW_SOURCE,3,0,2.0,,
-m9KtvCk_L8,MISSING_RAW_SOURCE,3,0,0.0,,
-o_667Ny7RM,MISSING_RAW_SOURCE,1,0,0.0,,
-qMhGeJkp5o,MISSING_RAW_SOURCE,9,0,3.0,,
-qMhGeJkp5o,MISSING_RAW_SOURCE,9,0,4.0,,
-qMhGeJkp5o,MISSING_RAW_SOURCE,9,0,5.0,,
-qMhGeJkp5o,MISSING_RAW_SOURCE,9,0,6.0,,
-qMhGeJkp5o,MISSING_RAW_SOURCE,9,0,7.0,,
-qMhGeJkp5o,MISSING_RAW_SOURCE,9,0,8.0,,
-qMhGeJkp5o,MISSING_RAW_SOURCE,9,0,0.0,,
-qMhGeJkp5o,MISSING_RAW_SOURCE,9,0,1.0,,
-qMhGeJkp5o,MISSING_RAW_SOURCE,9,0,2.0,,
-wdUIwjDMfg,MISSING_RAW_SOURCE,1,0,0.0,,
125344,RAW_ONLY_SOURCE,0,1,,0,
1S4p-Lfhbp4,MISSING_RAW_SOURCE,6,0,0.0,,
1S4p-Lfhbp4,MISSING_RAW_SOURCE,6,0,1.0,,
1S4p-Lfhbp4,MISSING_RAW_SOURCE,6,0,2.0,,
1S4p-Lfhbp4,MISSING_RAW_SOURCE,6,0,3.0,,
1S4p-Lfhbp4,MISSING_RAW_SOURCE,6,0,4.0,,
1S4p-Lfhbp4,MISSING_RAW_SOURCE,6,0,5.0,,
1knHBRVPoYQ,MISSING_RAW_SOURCE,8,0,0.0,,
1knHBRVPoYQ,MISSING_RAW_SOURCE,8,0,4.0,,
1knHBRVPoYQ,MISSING_RAW_SOURCE,8,0,5.0,,
1knHBRVPoYQ,MISSING_RAW_SOURCE,8,0,6.0,,
1knHBRVPoYQ,MISSING_RAW_SOURCE,8,0,7.0,,
1knHBRVPoYQ,MISSING_RAW_SOURCE,8,0,1.0,,
1knHBRVPoYQ,MISSING_RAW_SOURCE,8,0,2.0,,
1knHBRVPoYQ,MISSING_RAW_SOURCE,8,0,3.0,,
254427,RAW_ONLY_SOURCE,0,1,,0,
275248,RAW_ONLY_SOURCE,0,1,,0,
4Y8ROYezksQ,MISSING_RAW_SOURCE,1,0,0.0,,
5OUcvUDMMWE,MISSING_RAW_SOURCE,11,0,0.0,,
5OUcvUDMMWE,MISSING_RAW_SOURCE,11,0,1.0,,
5OUcvUDMMWE,MISSING_RAW_SOURCE,11,0,4.0,,
5OUcvUDMMWE,MISSING_RAW_SOURCE,11,0,5.0,,
5OUcvUDMMWE,MISSING_RAW_SOURCE,11,0,6.0,,
5OUcvUDMMWE,MISSING_RAW_SOURCE,11,0,7.0,,
5OUcvUDMMWE,MISSING_RAW_SOURCE,11,0,8.0,,
5OUcvUDMMWE,MISSING_RAW_SOURCE,11,0,9.0,,
5OUcvUDMMWE,MISSING_RAW_SOURCE,11,0,10.0,,
5OUcvUDMMWE,MISSING_RAW_SOURCE,11,0,2.0,,
5OUcvUDMMWE,MISSING_RAW_SOURCE,11,0,3.0,,
6ywl-j2-e-s,MISSING_RAW_SOURCE,2,0,0.0,,
6ywl-j2-e-s,MISSING_RAW_SOURCE,2,0,1.0,,
7BFhRPlSOf0,MISSING_RAW_SOURCE,5,0,0.0,,
7BFhRPlSOf0,MISSING_RAW_SOURCE,5,0,1.0,,
7BFhRPlSOf0,MISSING_RAW_SOURCE,5,0,2.0,,
7BFhRPlSOf0,MISSING_RAW_SOURCE,5,0,3.0,,
7BFhRPlSOf0,MISSING_RAW_SOURCE,5,0,4.0,,
8vpoQ5UVpXE,MISSING_RAW_SOURCE,5,0,0.0,,
8vpoQ5UVpXE,MISSING_RAW_SOURCE,5,0,1.0,,
8vpoQ5UVpXE,MISSING_RAW_SOURCE,5,0,2.0,,
8vpoQ5UVpXE,MISSING_RAW_SOURCE,5,0,3.0,,
8vpoQ5UVpXE,MISSING_RAW_SOURCE,5,0,4.0,,
9OY3NU2ycVw,MISSING_RAW_SOURCE,9,0,0.0,,
9OY3NU2ycVw,MISSING_RAW_SOURCE,9,0,1.0,,
9OY3NU2ycVw,MISSING_RAW_SOURCE,9,0,2.0,,
9OY3NU2ycVw,MISSING_RAW_SOURCE,9,0,3.0,,
9OY3NU2ycVw,MISSING_RAW_SOURCE,9,0,4.0,,
9OY3NU2ycVw,MISSING_RAW_SOURCE,9,0,5.0,,
9OY3NU2ycVw,MISSING_RAW_SOURCE,9,0,6.0,,
9OY3NU2ycVw,MISSING_RAW_SOURCE,9,0,7.0,,
9OY3NU2ycVw,MISSING_RAW_SOURCE,9,0,8.0,,
9kLNVTm3Z90,MISSING_RAW_SOURCE,3,0,0.0,,
9kLNVTm3Z90,MISSING_RAW_SOURCE,3,0,1.0,,
9kLNVTm3Z90,MISSING_RAW_SOURCE,3,0,2.0,,
AHXwnFvqYDk,MISSING_RAW_SOURCE,8,0,0.0,,
AHXwnFvqYDk,MISSING_RAW_SOURCE,8,0,1.0,,
AHXwnFvqYDk,MISSING_RAW_SOURCE,8,0,2.0,,
AHXwnFvqYDk,MISSING_RAW_SOURCE,8,0,3.0,,
AHXwnFvqYDk,MISSING_RAW_SOURCE,8,0,4.0,,
AHXwnFvqYDk,MISSING_RAW_SOURCE,8,0,5.0,,
AHXwnFvqYDk,MISSING_RAW_SOURCE,8,0,6.0,,
AHXwnFvqYDk,MISSING_RAW_SOURCE,8,0,7.0,,
AcoRjVPIVmQ,MISSING_RAW_SOURCE,2,0,0.0,,
AcoRjVPIVmQ,MISSING_RAW_SOURCE,2,0,1.0,,
AggyS1coOb8,EXTRA_RAW_MEDIA,2,3,,1,
BgXqrxum5G4,MISSING_RAW_SOURCE,8,0,0.0,,
BgXqrxum5G4,MISSING_RAW_SOURCE,8,0,1.0,,
BgXqrxum5G4,MISSING_RAW_SOURCE,8,0,2.0,,
BgXqrxum5G4,MISSING_RAW_SOURCE,8,0,3.0,,
BgXqrxum5G4,MISSING_RAW_SOURCE,8,0,4.0,,
BgXqrxum5G4,MISSING_RAW_SOURCE,8,0,5.0,,
BgXqrxum5G4,MISSING_RAW_SOURCE,8,0,6.0,,
BgXqrxum5G4,MISSING_RAW_SOURCE,8,0,7.0,,
CXvUdCdKTJY,MISSING_RAW_SOURCE,4,0,0.0,,
CXvUdCdKTJY,MISSING_RAW_SOURCE,4,0,1.0,,
CXvUdCdKTJY,MISSING_RAW_SOURCE,4,0,2.0,,
CXvUdCdKTJY,MISSING_RAW_SOURCE,4,0,3.0,,
EWYivXUavOY,MISSING_RAW_SOURCE,5,0,0.0,,
EWYivXUavOY,MISSING_RAW_SOURCE,5,0,1.0,,
EWYivXUavOY,MISSING_RAW_SOURCE,5,0,2.0,,
EWYivXUavOY,MISSING_RAW_SOURCE,5,0,3.0,,
EWYivXUavOY,MISSING_RAW_SOURCE,5,0,4.0,,
EuSp1pkX9i8,MISSING_RAW_SOURCE,2,0,0.0,,
EuSp1pkX9i8,MISSING_RAW_SOURCE,2,0,1.0,,
FzxmeVRTjwU,MISSING_RAW_SOURCE,9,0,0.0,,
FzxmeVRTjwU,MISSING_RAW_SOURCE,9,0,1.0,,
FzxmeVRTjwU,MISSING_RAW_SOURCE,9,0,2.0,,
FzxmeVRTjwU,MISSING_RAW_SOURCE,9,0,3.0,,
FzxmeVRTjwU,MISSING_RAW_SOURCE,9,0,4.0,,
FzxmeVRTjwU,MISSING_RAW_SOURCE,9,0,5.0,,
FzxmeVRTjwU,MISSING_RAW_SOURCE,9,0,6.0,,
FzxmeVRTjwU,MISSING_RAW_SOURCE,9,0,7.0,,
FzxmeVRTjwU,MISSING_RAW_SOURCE,9,0,8.0,,
HuIKyKkEL0Q,MISSING_RAW_SOURCE,1,0,0.0,,
JGEEA_JVriE,MEDIA_UNAVAILABLE,4,1,1.0,,
JGEEA_JVriE,MEDIA_UNAVAILABLE,4,1,2.0,,
JGEEA_JVriE,MEDIA_UNAVAILABLE,4,1,3.0,,
JNt1k3ohkbs,MISSING_RAW_SOURCE,7,0,0.0,,
JNt1k3ohkbs,MISSING_RAW_SOURCE,7,0,1.0,,
JNt1k3ohkbs,MISSING_RAW_SOURCE,7,0,2.0,,
JNt1k3ohkbs,MISSING_RAW_SOURCE,7,0,3.0,,
JNt1k3ohkbs,MISSING_RAW_SOURCE,7,0,4.0,,
JNt1k3ohkbs,MISSING_RAW_SOURCE,7,0,5.0,,
JNt1k3ohkbs,MISSING_RAW_SOURCE,7,0,6.0,,
MIqL9OXszRw,MISSING_RAW_SOURCE,6,0,0.0,,
MIqL9OXszRw,MISSING_RAW_SOURCE,6,0,1.0,,
MIqL9OXszRw,MISSING_RAW_SOURCE,6,0,2.0,,
MIqL9OXszRw,MISSING_RAW_SOURCE,6,0,3.0,,
MIqL9OXszRw,MISSING_RAW_SOURCE,6,0,4.0,,
MIqL9OXszRw,MISSING_RAW_SOURCE,6,0,5.0,,
NVlxq3jxlAk,MISSING_RAW_SOURCE,10,0,4.0,,
NVlxq3jxlAk,MISSING_RAW_SOURCE,10,0,5.0,,
NVlxq3jxlAk,MISSING_RAW_SOURCE,10,0,6.0,,
NVlxq3jxlAk,MISSING_RAW_SOURCE,10,0,7.0,,
NVlxq3jxlAk,MISSING_RAW_SOURCE,10,0,8.0,,
NVlxq3jxlAk,MISSING_RAW_SOURCE,10,0,9.0,,
NVlxq3jxlAk,MISSING_RAW_SOURCE,10,0,0.0,,
NVlxq3jxlAk,MISSING_RAW_SOURCE,10,0,1.0,,
NVlxq3jxlAk,MISSING_RAW_SOURCE,10,0,2.0,,
NVlxq3jxlAk,MISSING_RAW_SOURCE,10,0,3.0,,
PEBwwe0PLZ8,MISSING_RAW_SOURCE,11,0,0.0,,
PEBwwe0PLZ8,MISSING_RAW_SOURCE,11,0,1.0,,
PEBwwe0PLZ8,MISSING_RAW_SOURCE,11,0,5.0,,
PEBwwe0PLZ8,MISSING_RAW_SOURCE,11,0,6.0,,
PEBwwe0PLZ8,MISSING_RAW_SOURCE,11,0,7.0,,
PEBwwe0PLZ8,MISSING_RAW_SOURCE,11,0,8.0,,
PEBwwe0PLZ8,MISSING_RAW_SOURCE,11,0,9.0,,
PEBwwe0PLZ8,MISSING_RAW_SOURCE,11,0,10.0,,
PEBwwe0PLZ8,MISSING_RAW_SOURCE,11,0,2.0,,
PEBwwe0PLZ8,MISSING_RAW_SOURCE,11,0,3.0,,
PEBwwe0PLZ8,MISSING_RAW_SOURCE,11,0,4.0,,
TdCfpMRiA1c,MISSING_RAW_SOURCE,8,0,0.0,,
TdCfpMRiA1c,MISSING_RAW_SOURCE,8,0,1.0,,
TdCfpMRiA1c,MISSING_RAW_SOURCE,8,0,2.0,,
TdCfpMRiA1c,MISSING_RAW_SOURCE,8,0,3.0,,
TdCfpMRiA1c,MISSING_RAW_SOURCE,8,0,4.0,,
TdCfpMRiA1c,MISSING_RAW_SOURCE,8,0,5.0,,
TdCfpMRiA1c,MISSING_RAW_SOURCE,8,0,6.0,,
TdCfpMRiA1c,MISSING_RAW_SOURCE,8,0,7.0,,
TwFl4epL244,MISSING_RAW_SOURCE,8,0,0.0,,
TwFl4epL244,MISSING_RAW_SOURCE,8,0,1.0,,
TwFl4epL244,MISSING_RAW_SOURCE,8,0,2.0,,
TwFl4epL244,MISSING_RAW_SOURCE,8,0,3.0,,
TwFl4epL244,MISSING_RAW_SOURCE,8,0,4.0,,
TwFl4epL244,MISSING_RAW_SOURCE,8,0,5.0,,
TwFl4epL244,MISSING_RAW_SOURCE,8,0,6.0,,
TwFl4epL244,MISSING_RAW_SOURCE,8,0,7.0,,
UcINGGuysBE,MISSING_RAW_SOURCE,8,0,0.0,,
UcINGGuysBE,MISSING_RAW_SOURCE,8,0,1.0,,
UcINGGuysBE,MISSING_RAW_SOURCE,8,0,2.0,,
UcINGGuysBE,MISSING_RAW_SOURCE,8,0,3.0,,
UcINGGuysBE,MISSING_RAW_SOURCE,8,0,4.0,,
UcINGGuysBE,MISSING_RAW_SOURCE,8,0,5.0,,
UcINGGuysBE,MISSING_RAW_SOURCE,8,0,6.0,,
UcINGGuysBE,MISSING_RAW_SOURCE,8,0,7.0,,
XnPnlRQXSkM,MISSING_RAW_SOURCE,4,0,0.0,,
XnPnlRQXSkM,MISSING_RAW_SOURCE,4,0,1.0,,
XnPnlRQXSkM,MISSING_RAW_SOURCE,4,0,2.0,,
XnPnlRQXSkM,MISSING_RAW_SOURCE,4,0,3.0,,
ZXQkyX6prBQ,MISSING_RAW_SOURCE,7,0,0.0,,
ZXQkyX6prBQ,MISSING_RAW_SOURCE,7,0,1.0,,
ZXQkyX6prBQ,MISSING_RAW_SOURCE,7,0,2.0,,
ZXQkyX6prBQ,MISSING_RAW_SOURCE,7,0,3.0,,
ZXQkyX6prBQ,MISSING_RAW_SOURCE,7,0,4.0,,
ZXQkyX6prBQ,MISSING_RAW_SOURCE,7,0,5.0,,
ZXQkyX6prBQ,MISSING_RAW_SOURCE,7,0,6.0,,
aa0J1AXSseY,MEDIA_UNAVAILABLE,7,4,4.0,,
aa0J1AXSseY,MEDIA_UNAVAILABLE,7,4,5.0,,
aa0J1AXSseY,MEDIA_UNAVAILABLE,7,4,6.0,,
aa2MEQ6FL7k,MISSING_RAW_SOURCE,6,0,0.0,,
aa2MEQ6FL7k,MISSING_RAW_SOURCE,6,0,1.0,,
aa2MEQ6FL7k,MISSING_RAW_SOURCE,6,0,2.0,,
aa2MEQ6FL7k,MISSING_RAW_SOURCE,6,0,3.0,,
aa2MEQ6FL7k,MISSING_RAW_SOURCE,6,0,4.0,,
aa2MEQ6FL7k,MISSING_RAW_SOURCE,6,0,5.0,,
bDwAuRFciJM,MISSING_RAW_SOURCE,8,0,0.0,,
bDwAuRFciJM,MISSING_RAW_SOURCE,8,0,1.0,,
bDwAuRFciJM,MISSING_RAW_SOURCE,8,0,4.0,,
bDwAuRFciJM,MISSING_RAW_SOURCE,8,0,5.0,,
bDwAuRFciJM,MISSING_RAW_SOURCE,8,0,6.0,,
bDwAuRFciJM,MISSING_RAW_SOURCE,8,0,7.0,,
bDwAuRFciJM,MISSING_RAW_SOURCE,8,0,2.0,,
bDwAuRFciJM,MISSING_RAW_SOURCE,8,0,3.0,,
cuR-l2qCxBc,MISSING_RAW_SOURCE,9,0,0.0,,
cuR-l2qCxBc,MISSING_RAW_SOURCE,9,0,1.0,,
cuR-l2qCxBc,MISSING_RAW_SOURCE,9,0,2.0,,
cuR-l2qCxBc,MISSING_RAW_SOURCE,9,0,3.0,,
cuR-l2qCxBc,MISSING_RAW_SOURCE,9,0,4.0,,
cuR-l2qCxBc,MISSING_RAW_SOURCE,9,0,5.0,,
cuR-l2qCxBc,MISSING_RAW_SOURCE,9,0,6.0,,
cuR-l2qCxBc,MISSING_RAW_SOURCE,9,0,7.0,,
cuR-l2qCxBc,MISSING_RAW_SOURCE,9,0,8.0,,
dQ56b0bqmc8,EXTRA_RAW_MEDIA,3,4,,0,
dYgmvmFegkQ,MISSING_RAW_SOURCE,7,0,0.0,,
dYgmvmFegkQ,MISSING_RAW_SOURCE,7,0,1.0,,
dYgmvmFegkQ,MISSING_RAW_SOURCE,7,0,2.0,,
dYgmvmFegkQ,MISSING_RAW_SOURCE,7,0,3.0,,
dYgmvmFegkQ,MISSING_RAW_SOURCE,7,0,4.0,,
dYgmvmFegkQ,MISSING_RAW_SOURCE,7,0,5.0,,
dYgmvmFegkQ,MISSING_RAW_SOURCE,7,0,6.0,,
fMUmdlzuc94,MISSING_RAW_SOURCE,6,0,0.0,,
fMUmdlzuc94,MISSING_RAW_SOURCE,6,0,1.0,,
fMUmdlzuc94,MISSING_RAW_SOURCE,6,0,2.0,,
fMUmdlzuc94,MISSING_RAW_SOURCE,6,0,3.0,,
fMUmdlzuc94,MISSING_RAW_SOURCE,6,0,4.0,,
fMUmdlzuc94,MISSING_RAW_SOURCE,6,0,5.0,,
fiXZqpbRYKk,MISSING_RAW_SOURCE,12,0,0.0,,
fiXZqpbRYKk,MISSING_RAW_SOURCE,12,0,1.0,,
fiXZqpbRYKk,MISSING_RAW_SOURCE,12,0,4.0,,
fiXZqpbRYKk,MISSING_RAW_SOURCE,12,0,5.0,,
fiXZqpbRYKk,MISSING_RAW_SOURCE,12,0,6.0,,
fiXZqpbRYKk,MISSING_RAW_SOURCE,12,0,7.0,,
fiXZqpbRYKk,MISSING_RAW_SOURCE,12,0,8.0,,
fiXZqpbRYKk,MISSING_RAW_SOURCE,12,0,9.0,,
fiXZqpbRYKk,MISSING_RAW_SOURCE,12,0,10.0,,
fiXZqpbRYKk,MISSING_RAW_SOURCE,12,0,11.0,,
fiXZqpbRYKk,MISSING_RAW_SOURCE,12,0,2.0,,
fiXZqpbRYKk,MISSING_RAW_SOURCE,12,0,3.0,,
flv4by3RYVk,MISSING_RAW_SOURCE,12,0,0.0,,
flv4by3RYVk,MISSING_RAW_SOURCE,12,0,1.0,,
flv4by3RYVk,MISSING_RAW_SOURCE,12,0,4.0,,
flv4by3RYVk,MISSING_RAW_SOURCE,12,0,5.0,,
flv4by3RYVk,MISSING_RAW_SOURCE,12,0,6.0,,
flv4by3RYVk,MISSING_RAW_SOURCE,12,0,7.0,,
flv4by3RYVk,MISSING_RAW_SOURCE,12,0,8.0,,
flv4by3RYVk,MISSING_RAW_SOURCE,12,0,9.0,,
flv4by3RYVk,MISSING_RAW_SOURCE,12,0,10.0,,
flv4by3RYVk,MISSING_RAW_SOURCE,12,0,11.0,,
flv4by3RYVk,MISSING_RAW_SOURCE,12,0,2.0,,
flv4by3RYVk,MISSING_RAW_SOURCE,12,0,3.0,,
foXArPhK0xY,MISSING_RAW_SOURCE,7,0,0.0,,
foXArPhK0xY,MISSING_RAW_SOURCE,7,0,1.0,,
foXArPhK0xY,MISSING_RAW_SOURCE,7,0,2.0,,
foXArPhK0xY,MISSING_RAW_SOURCE,7,0,3.0,,
foXArPhK0xY,MISSING_RAW_SOURCE,7,0,4.0,,
foXArPhK0xY,MISSING_RAW_SOURCE,7,0,5.0,,
foXArPhK0xY,MISSING_RAW_SOURCE,7,0,6.0,,
hytnfm-AVaA,MISSING_RAW_SOURCE,8,0,0.0,,
hytnfm-AVaA,MISSING_RAW_SOURCE,8,0,1.0,,
hytnfm-AVaA,MISSING_RAW_SOURCE,8,0,2.0,,
hytnfm-AVaA,MISSING_RAW_SOURCE,8,0,3.0,,
hytnfm-AVaA,MISSING_RAW_SOURCE,8,0,4.0,,
hytnfm-AVaA,MISSING_RAW_SOURCE,8,0,5.0,,
hytnfm-AVaA,MISSING_RAW_SOURCE,8,0,6.0,,
hytnfm-AVaA,MISSING_RAW_SOURCE,8,0,7.0,,
mLZZ174bqws,MISSING_RAW_SOURCE,4,0,0.0,,
mLZZ174bqws,MISSING_RAW_SOURCE,4,0,1.0,,
mLZZ174bqws,MISSING_RAW_SOURCE,4,0,2.0,,
mLZZ174bqws,MISSING_RAW_SOURCE,4,0,3.0,,
nMCCLB9gOag,MISSING_RAW_SOURCE,7,0,0.0,,
nMCCLB9gOag,MISSING_RAW_SOURCE,7,0,3.0,,
nMCCLB9gOag,MISSING_RAW_SOURCE,7,0,4.0,,
nMCCLB9gOag,MISSING_RAW_SOURCE,7,0,5.0,,
nMCCLB9gOag,MISSING_RAW_SOURCE,7,0,6.0,,
nMCCLB9gOag,MISSING_RAW_SOURCE,7,0,1.0,,
nMCCLB9gOag,MISSING_RAW_SOURCE,7,0,2.0,,
o5OsO6Aq9pA,MISSING_RAW_SOURCE,9,0,0.0,,
o5OsO6Aq9pA,MISSING_RAW_SOURCE,9,0,2.0,,
o5OsO6Aq9pA,MISSING_RAW_SOURCE,9,0,3.0,,
o5OsO6Aq9pA,MISSING_RAW_SOURCE,9,0,4.0,,
o5OsO6Aq9pA,MISSING_RAW_SOURCE,9,0,5.0,,
o5OsO6Aq9pA,MISSING_RAW_SOURCE,9,0,6.0,,
o5OsO6Aq9pA,MISSING_RAW_SOURCE,9,0,7.0,,
o5OsO6Aq9pA,MISSING_RAW_SOURCE,9,0,8.0,,
o5OsO6Aq9pA,MISSING_RAW_SOURCE,9,0,1.0,,
o6Cd9RmqdBc,MISSING_RAW_SOURCE,7,0,0.0,,
o6Cd9RmqdBc,MISSING_RAW_SOURCE,7,0,1.0,,
o6Cd9RmqdBc,MISSING_RAW_SOURCE,7,0,2.0,,
o6Cd9RmqdBc,MISSING_RAW_SOURCE,7,0,3.0,,
o6Cd9RmqdBc,MISSING_RAW_SOURCE,7,0,4.0,,
o6Cd9RmqdBc,MISSING_RAW_SOURCE,7,0,5.0,,
o6Cd9RmqdBc,MISSING_RAW_SOURCE,7,0,6.0,,
oNnoN0bxVnA,MISSING_RAW_SOURCE,6,0,0.0,,
oNnoN0bxVnA,MISSING_RAW_SOURCE,6,0,1.0,,
oNnoN0bxVnA,MISSING_RAW_SOURCE,6,0,2.0,,
oNnoN0bxVnA,MISSING_RAW_SOURCE,6,0,3.0,,
oNnoN0bxVnA,MISSING_RAW_SOURCE,6,0,4.0,,
oNnoN0bxVnA,MISSING_RAW_SOURCE,6,0,5.0,,
ptp-kfn4vWY,MISSING_RAW_SOURCE,2,0,0.0,,
ptp-kfn4vWY,MISSING_RAW_SOURCE,2,0,1.0,,
qYC3gN1AkOA,MISSING_RAW_SOURCE,8,0,0.0,,
qYC3gN1AkOA,MISSING_RAW_SOURCE,8,0,1.0,,
qYC3gN1AkOA,MISSING_RAW_SOURCE,8,0,2.0,,
qYC3gN1AkOA,MISSING_RAW_SOURCE,8,0,3.0,,
qYC3gN1AkOA,MISSING_RAW_SOURCE,8,0,4.0,,
qYC3gN1AkOA,MISSING_RAW_SOURCE,8,0,5.0,,
qYC3gN1AkOA,MISSING_RAW_SOURCE,8,0,6.0,,
qYC3gN1AkOA,MISSING_RAW_SOURCE,8,0,7.0,,
rKyXU0ls5aQ,MISSING_RAW_SOURCE,5,0,1.0,,
rKyXU0ls5aQ,MISSING_RAW_SOURCE,5,0,2.0,,
rKyXU0ls5aQ,MISSING_RAW_SOURCE,5,0,3.0,,
rKyXU0ls5aQ,MISSING_RAW_SOURCE,5,0,4.0,,
rKyXU0ls5aQ,MISSING_RAW_SOURCE,5,0,0.0,,
skRqBxLLJkE,EXTRA_RAW_MEDIA,1,2,,0,
slz8pd0Wzxs,MISSING_RAW_SOURCE,1,0,0.0,,
tkzdanzsA0A,MISSING_RAW_SOURCE,9,0,0.0,,
tkzdanzsA0A,MISSING_RAW_SOURCE,9,0,2.0,,
tkzdanzsA0A,MISSING_RAW_SOURCE,9,0,3.0,,
tkzdanzsA0A,MISSING_RAW_SOURCE,9,0,4.0,,
tkzdanzsA0A,MISSING_RAW_SOURCE,9,0,5.0,,
tkzdanzsA0A,MISSING_RAW_SOURCE,9,0,6.0,,
tkzdanzsA0A,MISSING_RAW_SOURCE,9,0,7.0,,
tkzdanzsA0A,MISSING_RAW_SOURCE,9,0,8.0,,
tkzdanzsA0A,MISSING_RAW_SOURCE,9,0,1.0,,
vn0CFvUK5D0,MISSING_RAW_SOURCE,4,0,0.0,,
vn0CFvUK5D0,MISSING_RAW_SOURCE,4,0,1.0,,
vn0CFvUK5D0,MISSING_RAW_SOURCE,4,0,2.0,,
vn0CFvUK5D0,MISSING_RAW_SOURCE,4,0,3.0,,
x-oexIBWwR4,MISSING_RAW_SOURCE,9,0,0.0,,
x-oexIBWwR4,MISSING_RAW_SOURCE,9,0,1.0,,
x-oexIBWwR4,MISSING_RAW_SOURCE,9,0,3.0,,
x-oexIBWwR4,MISSING_RAW_SOURCE,9,0,4.0,,
x-oexIBWwR4,MISSING_RAW_SOURCE,9,0,5.0,,
x-oexIBWwR4,MISSING_RAW_SOURCE,9,0,6.0,,
x-oexIBWwR4,MISSING_RAW_SOURCE,9,0,7.0,,
x-oexIBWwR4,MISSING_RAW_SOURCE,9,0,8.0,,
x-oexIBWwR4,MISSING_RAW_SOURCE,9,0,2.0,,
zShw-E-yBqU,MISSING_RAW_SOURCE,5,0,0.0,,
zShw-E-yBqU,MISSING_RAW_SOURCE,5,0,1.0,,
zShw-E-yBqU,MISSING_RAW_SOURCE,5,0,2.0,,
zShw-E-yBqU,MISSING_RAW_SOURCE,5,0,3.0,,
zShw-E-yBqU,MISSING_RAW_SOURCE,5,0,4.0,,
zsRTbbKlsEg,MEDIA_UNAVAILABLE,2,1,0.0,,
