AU,Mean,Std,Min,Max,ActivityRate,PresenceRate
AU01_r,0.21903381642512076,0.46067020470591796,0.0,4.5,55.84541062801932,6.570048309178745
AU02_r,0.1576231884057971,0.46087540421057316,0.0,4.26,36.908212560386474,11.884057971014492
AU04_r,1.4179323671497583,0.4178111531266312,0.08,2.32,100.0,98.45410628019323
AU05_r,0.12623188405797103,0.32010943833316896,0.0,2.7,27.053140096618357,60.0
AU06_r,0.011082125603864734,0.04885340408952053,0.0,0.45,8.309178743961352,0.0
AU07_r,0.866183574879227,0.6927997006620759,0.0,3.2,82.80193236714976,6.280193236714976
AU09_r,0.19605797101449277,0.37524062041496764,0.0,1.54,37.68115942028986,15.169082125603865
AU10_r,0.2247632850241546,0.35565903582380926,0.0,1.46,39.61352657004831,0.1932367149758454
AU12_r,0.004521739130434782,0.02984077327470638,0.0,0.55,4.734299516908213,0.0
AU14_r,0.10876328502415461,0.25928667849926196,0.0,1.64,26.666666666666668,3.6714975845410627
AU15_r,0.42648309178743965,0.7209727717721507,0.0,4.36,57.58454106280193,38.743961352657
AU17_r,0.7766473429951691,0.5820854281644113,0.0,3.03,85.79710144927536,45.507246376811594
AU20_r,0.1495265700483092,0.24081517763032365,0.0,1.23,47.53623188405797,33.33333333333333
AU23_r,0.16768115942028983,0.3680026186404004,0.0,2.25,44.05797101449275,14.782608695652174
AU25_r,0.49251207729468593,0.4920069012899523,0.0,2.29,80.77294685990339,13.623188405797102
AU26_r,0.44950724637681155,0.4261519185419193,0.0,2.34,83.38164251207729,7.729468599033816
AU28_c,,,,,,0.3864734299516908
AU45_r,0.23057004830917874,0.3591099621285905,0.0,1.79,49.66183574879227,22.705314009661837
